onset	duration	trial_type	value	sample
6.531248430223825	1.0	NonTarget	1	1672
6.781248370136699	1.0	NonTarget	1	1736
7.031248310049572	1.0	NonTarget	1	1800
7.281248249962446	1.0	NonTarget	1	1864
7.53124818987532	1.0	NonTarget	1	1928
7.781248129788193	1.0	NonTarget	1	1992
8.031248069701068	1.0	Target	2	2056
8.281248009613941	1.0	NonTarget	1	2120
8.531247949526815	1.0	NonTarget	1	2184
8.781247889439689	1.0	NonTarget	1	2248
9.031247829352562	1.0	NonTarget	1	2312
9.281247769265436	1.0	NonTarget	1	2376
9.53124770917831	1.0	NonTarget	1	2440
9.781247649091183	1.0	NonTarget	1	2504
10.031247589004057	1.0	NonTarget	1	2568
10.28124752891693	1.0	NonTarget	1	2632
10.531247468829804	1.0	Target	2	2696
10.781247408742678	1.0	NonTarget	1	2760
11.031247348655551	1.0	NonTarget	1	2824
11.281247288568425	1.0	NonTarget	1	2888
11.531247228481298	1.0	NonTarget	1	2952
11.781247168394172	1.0	NonTarget	1	3016
12.031247108307046	1.0	NonTarget	1	3080
12.28124704821992	1.0	NonTarget	1	3144
12.531246988132793	1.0	NonTarget	1	3208
12.781246928045666	1.0	NonTarget	1	3272
13.03124686795854	1.0	NonTarget	1	3336
13.281246807871414	1.0	Target	2	3400
13.531246747784287	1.0	NonTarget	1	3464
13.78124668769716	1.0	NonTarget	1	3528
14.031246627610034	1.0	NonTarget	1	3592
14.281246567522908	1.0	NonTarget	1	3656
14.531246507435782	1.0	NonTarget	1	3720
14.781246447348657	1.0	NonTarget	1	3784
15.03124638726153	1.0	NonTarget	1	3848
15.281246327174404	1.0	Target	2	3912
15.531246267087278	1.0	NonTarget	1	3976
15.781246207000152	1.0	NonTarget	1	4040
16.031246146913023	1.0	NonTarget	1	4104
16.2812460868259	1.0	NonTarget	1	4168
16.53124602673877	1.0	NonTarget	1	4232
16.781245966651646	1.0	Target	2	4296
17.031245906564518	1.0	NonTarget	1	4360
17.281245846477393	1.0	NonTarget	1	4424
17.531245786390265	1.0	NonTarget	1	4488
17.78124572630314	1.0	NonTarget	1	4552
18.031245666216012	1.0	NonTarget	1	4616
18.281245606128888	1.0	NonTarget	1	4680
18.531245546041763	1.0	NonTarget	1	4744
18.781245485954635	1.0	NonTarget	1	4808
19.03124542586751	1.0	Target	2	4872
19.281245365780382	1.0	NonTarget	1	4936
19.531245305693258	1.0	NonTarget	1	5000
19.78124524560613	1.0	NonTarget	1	5064
20.031245185519005	1.0	NonTarget	1	5128
20.281245125431877	1.0	NonTarget	1	5192
20.531245065344752	1.0	NonTarget	1	5256
20.781245005257624	1.0	NonTarget	1	5320
21.0312449451705	1.0	NonTarget	1	5384
21.28124488508337	1.0	NonTarget	1	5448
21.531244824996246	1.0	Target	2	5512
21.78124476490912	1.0	NonTarget	1	5576
22.031244704821994	1.0	NonTarget	1	5640
22.281244644734866	1.0	NonTarget	1	5704
22.53124458464774	1.0	NonTarget	1	5768
22.781244524560613	1.0	NonTarget	1	5832
23.031244464473488	1.0	NonTarget	1	5896
23.28124440438636	1.0	NonTarget	1	5960
23.531244344299235	1.0	Target	2	6024
23.781244284212107	1.0	NonTarget	1	6088
24.031244224124983	1.0	NonTarget	1	6152
24.281244164037854	1.0	NonTarget	1	6216
24.53124410395073	1.0	NonTarget	1	6280
24.7812440438636	1.0	NonTarget	1	6344
25.031243983776477	1.0	NonTarget	1	6408
25.281243923689352	1.0	NonTarget	1	6472
25.531243863602224	1.0	NonTarget	1	6536
25.7812438035151	1.0	Target	2	6600
26.03124374342797	1.0	NonTarget	1	6664
26.281243683340847	1.0	NonTarget	1	6728
26.53124362325372	1.0	NonTarget	1	6792
26.781243563166594	1.0	NonTarget	1	6856
27.031243503079466	1.0	NonTarget	1	6920
27.28124344299234	1.0	NonTarget	1	6984
27.531243382905213	1.0	NonTarget	1	7048
27.78124332281809	1.0	NonTarget	1	7112
28.03124326273096	1.0	NonTarget	1	7176
28.281243202643836	1.0	NonTarget	1	7240
28.531243142556708	1.0	Target	2	7304
28.781243082469583	1.0	NonTarget	1	7368
29.031243022382455	1.0	NonTarget	1	7432
29.28124296229533	1.0	NonTarget	1	7496
29.531242902208202	1.0	NonTarget	1	7560
29.781242842121078	1.0	NonTarget	1	7624
30.03124278203395	1.0	NonTarget	1	7688
30.281242721946825	1.0	NonTarget	1	7752
30.531242661859697	1.0	Target	2	7816
30.781242601772572	1.0	NonTarget	1	7880
31.031242541685444	1.0	NonTarget	1	7944
31.28124248159832	1.0	NonTarget	1	8008
31.53124242151119	1.0	NonTarget	1	8072
31.781242361424066	1.0	NonTarget	1	8136
32.03124230133694	1.0	NonTarget	1	8200
32.281242241249814	1.0	NonTarget	1	8264
32.53124218116269	1.0	Target	2	8328
32.781242121075564	1.0	NonTarget	1	8392
33.03124206098843	1.0	NonTarget	1	8456
33.28124200090131	1.0	NonTarget	1	8520
33.53124194081418	1.0	NonTarget	1	8584
33.78124188072706	1.0	NonTarget	1	8648
34.03124182063993	1.0	NonTarget	1	8712
34.2812417605528	1.0	NonTarget	1	8776
34.53124170046568	1.0	NonTarget	1	8840
34.78124164037855	1.0	NonTarget	1	8904
35.03124158029142	1.0	NonTarget	1	8968
35.2812415202043	1.0	NonTarget	1	9032
35.53124146011717	1.0	Target	2	9096
35.78124140003005	1.0	NonTarget	1	9160
36.031241339942916	1.0	NonTarget	1	9224
36.28124127985579	1.0	NonTarget	1	9288
36.53124121976867	1.0	NonTarget	1	9352
36.78124115968154	1.0	NonTarget	1	9416
37.03124109959441	1.0	NonTarget	1	9480
37.281241039507286	1.0	Target	2	9544
37.53124097942016	1.0	NonTarget	1	9608
37.78124091933304	1.0	NonTarget	1	9672
38.031240859245905	1.0	NonTarget	1	9736
38.28124079915878	1.0	NonTarget	1	9800
38.531240739071656	1.0	NonTarget	1	9864
38.78124067898453	1.0	NonTarget	1	9928
39.03124061889741	1.0	NonTarget	1	9992
39.281240558810275	1.0	NonTarget	1	10056
39.53124049872315	1.0	Target	2	10120
39.781240438636026	1.0	NonTarget	1	10184
40.0312403785489	1.0	NonTarget	1	10248
40.28124031846177	1.0	NonTarget	1	10312
40.531240258374645	1.0	NonTarget	1	10376
40.78124019828752	1.0	NonTarget	1	10440
41.031240138200396	1.0	NonTarget	1	10504
41.281240078113264	1.0	NonTarget	1	10568
41.53124001802614	1.0	NonTarget	1	10632
41.781239957939015	1.0	Target	2	10696
42.03123989785189	1.0	NonTarget	1	10760
42.28123983776476	1.0	NonTarget	1	10824
42.531239777677634	1.0	NonTarget	1	10888
42.78123971759051	1.0	NonTarget	1	10952
43.031239657503384	1.0	NonTarget	1	11016
43.28123959741625	1.0	NonTarget	1	11080
43.53123953732913	1.0	NonTarget	1	11144
43.781239477242	1.0	NonTarget	1	11208
44.03123941715488	1.0	NonTarget	1	11272
44.28123935706775	1.0	Target	2	11336
44.53123929698062	1.0	NonTarget	1	11400
44.7812392368935	1.0	NonTarget	1	11464
45.03123917680637	1.0	NonTarget	1	11528
45.28123911671924	1.0	NonTarget	1	11592
45.53123905663212	1.0	NonTarget	1	11656
45.78123899654499	1.0	NonTarget	1	11720
46.03123893645787	1.0	Target	2	11784
46.28123887637074	1.0	NonTarget	1	11848
46.53123881628361	1.0	NonTarget	1	11912
46.78123875619649	1.0	NonTarget	1	11976
47.03123869610936	1.0	NonTarget	1	12040
47.28123863602224	1.0	NonTarget	1	12104
47.531238575935106	1.0	NonTarget	1	12168
47.78123851584798	1.0	NonTarget	1	12232
48.03123845576086	1.0	NonTarget	1	12296
48.28123839567373	1.0	NonTarget	1	12360
48.5312383355866	1.0	Target	2	12424
48.781238275499476	1.0	NonTarget	1	12488
49.03123821541235	1.0	NonTarget	1	12552
49.28123815532523	1.0	NonTarget	1	12616
49.531238095238095	1.0	NonTarget	1	12680
49.78123803515097	1.0	NonTarget	1	12744
50.031237975063846	1.0	NonTarget	1	12808
50.28123791497672	1.0	NonTarget	1	12872
50.53123785488959	1.0	NonTarget	1	12936
50.781237794802465	1.0	NonTarget	1	13000
51.03123773471534	1.0	Target	2	13064
51.281237674628215	1.0	NonTarget	1	13128
56.53123641279856	1.0	NonTarget	1	14472
56.78123635271143	1.0	NonTarget	1	14536
57.03123629262431	1.0	NonTarget	1	14600
57.28123623253718	1.0	NonTarget	1	14664
57.53123617245006	1.0	NonTarget	1	14728
57.781236112362926	1.0	NonTarget	1	14792
58.0312360522758	1.0	NonTarget	1	14856
58.28123599218868	1.0	NonTarget	1	14920
58.53123593210155	1.0	NonTarget	1	14984
58.78123587201442	1.0	Target	2	15048
59.031235811927296	1.0	NonTarget	1	15112
59.28123575184017	1.0	NonTarget	1	15176
59.53123569175305	1.0	NonTarget	1	15240
59.78123563166592	1.0	NonTarget	1	15304
60.03123557157879	1.0	NonTarget	1	15368
60.281235511491666	1.0	Target	2	15432
60.53123545140454	1.0	NonTarget	1	15496
60.781235391317416	1.0	NonTarget	1	15560
61.031235331230285	1.0	NonTarget	1	15624
61.28123527114316	1.0	NonTarget	1	15688
61.531235211056035	1.0	NonTarget	1	15752
61.78123515096891	1.0	NonTarget	1	15816
62.03123509088178	1.0	NonTarget	1	15880
62.281235030794655	1.0	Target	2	15944
62.53123497070753	1.0	NonTarget	1	16008
62.781234910620405	1.0	NonTarget	1	16072
63.031234850533274	1.0	NonTarget	1	16136
63.28123479044615	1.0	NonTarget	1	16200
63.531234730359024	1.0	NonTarget	1	16264
63.7812346702719	1.0	NonTarget	1	16328
64.03123461018477	1.0	NonTarget	1	16392
64.28123455009765	1.0	NonTarget	1	16456
64.53123449001052	1.0	NonTarget	1	16520
64.78123442992339	1.0	NonTarget	1	16584
65.03123436983627	1.0	NonTarget	1	16648
65.28123430974914	1.0	Target	2	16712
65.531234249662	1.0	NonTarget	1	16776
65.78123418957489	1.0	NonTarget	1	16840
66.03123412948776	1.0	NonTarget	1	16904
66.28123406940064	1.0	NonTarget	1	16968
66.53123400931351	1.0	NonTarget	1	17032
66.78123394922638	1.0	NonTarget	1	17096
67.03123388913926	1.0	NonTarget	1	17160
67.28123382905213	1.0	Target	2	17224
67.53123376896501	1.0	NonTarget	1	17288
67.78123370887788	1.0	NonTarget	1	17352
68.03123364879075	1.0	NonTarget	1	17416
68.28123358870363	1.0	NonTarget	1	17480
68.5312335286165	1.0	NonTarget	1	17544
68.78123346852936	1.0	NonTarget	1	17608
69.03123340844225	1.0	Target	2	17672
69.28123334835512	1.0	NonTarget	1	17736
69.531233288268	1.0	NonTarget	1	17800
69.78123322818087	1.0	NonTarget	1	17864
70.03123316809373	1.0	NonTarget	1	17928
70.28123310800662	1.0	NonTarget	1	17992
70.53123304791949	1.0	NonTarget	1	18056
70.78123298783235	1.0	NonTarget	1	18120
71.03123292774524	1.0	NonTarget	1	18184
71.2812328676581	1.0	NonTarget	1	18248
71.53123280757099	1.0	NonTarget	1	18312
71.78123274748386	1.0	NonTarget	1	18376
72.03123268739672	1.0	Target	2	18440
72.2812326273096	1.0	NonTarget	1	18504
72.53123256722247	1.0	NonTarget	1	18568
72.78123250713534	1.0	NonTarget	1	18632
73.03123244704823	1.0	NonTarget	1	18696
73.2812323869611	1.0	NonTarget	1	18760
73.53123232687398	1.0	NonTarget	1	18824
73.78123226678684	1.0	NonTarget	1	18888
74.03123220669971	1.0	Target	2	18952
74.2812321466126	1.0	NonTarget	1	19016
74.53123208652546	1.0	NonTarget	1	19080
74.78123202643835	1.0	NonTarget	1	19144
75.03123196635121	1.0	NonTarget	1	19208
75.28123190626408	1.0	NonTarget	1	19272
75.53123184617696	1.0	NonTarget	1	19336
75.78123178608983	1.0	NonTarget	1	19400
76.0312317260027	1.0	NonTarget	1	19464
76.28123166591558	1.0	NonTarget	1	19528
76.53123160582845	1.0	NonTarget	1	19592
76.78123154574133	1.0	Target	2	19656
77.0312314856542	1.0	NonTarget	1	19720
77.28123142556707	1.0	NonTarget	1	19784
77.53123136547995	1.0	NonTarget	1	19848
77.78123130539282	1.0	NonTarget	1	19912
78.03123124530569	1.0	NonTarget	1	19976
78.28123118521857	1.0	Target	2	20040
78.53123112513144	1.0	NonTarget	1	20104
78.78123106504432	1.0	NonTarget	1	20168
79.03123100495719	1.0	NonTarget	1	20232
79.28123094487006	1.0	NonTarget	1	20296
79.53123088478294	1.0	NonTarget	1	20360
79.78123082469581	1.0	NonTarget	1	20424
80.03123076460868	1.0	NonTarget	1	20488
80.28123070452156	1.0	NonTarget	1	20552
80.53123064443443	1.0	Target	2	20616
80.78123058434731	1.0	NonTarget	1	20680
81.03123052426018	1.0	NonTarget	1	20744
81.28123046417305	1.0	NonTarget	1	20808
81.53123040408593	1.0	NonTarget	1	20872
81.7812303439988	1.0	NonTarget	1	20936
82.03123028391168	1.0	NonTarget	1	21000
82.28123022382455	1.0	NonTarget	1	21064
82.53123016373742	1.0	Target	2	21128
82.7812301036503	1.0	NonTarget	1	21192
83.03123004356317	1.0	NonTarget	1	21256
83.28122998347604	1.0	NonTarget	1	21320
83.53122992338892	1.0	NonTarget	1	21384
83.78122986330179	1.0	NonTarget	1	21448
84.03122980321467	1.0	NonTarget	1	21512
84.28122974312754	1.0	NonTarget	1	21576
84.53122968304041	1.0	NonTarget	1	21640
84.78122962295329	1.0	NonTarget	1	21704
85.03122956286616	1.0	NonTarget	1	21768
85.28122950277903	1.0	NonTarget	1	21832
85.53122944269191	1.0	NonTarget	1	21896
85.78122938260478	1.0	Target	2	21960
86.03122932251766	1.0	NonTarget	1	22024
86.28122926243053	1.0	NonTarget	1	22088
86.5312292023434	1.0	NonTarget	1	22152
86.78122914225628	1.0	NonTarget	1	22216
87.03122908216915	1.0	Target	2	22280
87.28122902208203	1.0	NonTarget	1	22344
87.5312289619949	1.0	NonTarget	1	22408
87.78122890190777	1.0	NonTarget	1	22472
88.03122884182065	1.0	NonTarget	1	22536
88.28122878173352	1.0	NonTarget	1	22600
88.53122872164639	1.0	NonTarget	1	22664
88.78122866155927	1.0	NonTarget	1	22728
89.03122860147214	1.0	NonTarget	1	22792
89.28122854138502	1.0	NonTarget	1	22856
89.53122848129789	1.0	NonTarget	1	22920
89.78122842121076	1.0	NonTarget	1	22984
90.03122836112364	1.0	Target	2	23048
90.2812283010365	1.0	NonTarget	1	23112
90.53122824094937	1.0	NonTarget	1	23176
90.78122818086226	1.0	NonTarget	1	23240
91.03122812077513	1.0	NonTarget	1	23304
91.28122806068801	1.0	NonTarget	1	23368
91.53122800060088	1.0	Target	2	23432
91.78122794051374	1.0	NonTarget	1	23496
92.03122788042663	1.0	NonTarget	1	23560
92.2812278203395	1.0	NonTarget	1	23624
92.53122776025236	1.0	NonTarget	1	23688
92.78122770016525	1.0	NonTarget	1	23752
93.03122764007811	1.0	NonTarget	1	23816
93.281227579991	1.0	NonTarget	1	23880
93.53122751990387	1.0	NonTarget	1	23944
93.78122745981673	1.0	Target	2	24008
94.03122739972962	1.0	NonTarget	1	24072
94.28122733964248	1.0	NonTarget	1	24136
94.53122727955537	1.0	NonTarget	1	24200
94.78122721946824	1.0	NonTarget	1	24264
95.0312271593811	1.0	NonTarget	1	24328
95.28122709929399	1.0	NonTarget	1	24392
95.53122703920685	1.0	NonTarget	1	24456
95.78122697911972	1.0	NonTarget	1	24520
96.0312269190326	1.0	Target	2	24584
96.28122685894547	1.0	NonTarget	1	24648
96.53122679885836	1.0	NonTarget	1	24712
96.78122673877122	1.0	NonTarget	1	24776
97.03122667868409	1.0	NonTarget	1	24840
97.28122661859697	1.0	NonTarget	1	24904
97.53122655850984	1.0	NonTarget	1	24968
97.78122649842271	1.0	NonTarget	1	25032
98.0312264383356	1.0	NonTarget	1	25096
98.28122637824846	1.0	NonTarget	1	25160
98.53122631816134	1.0	NonTarget	1	25224
98.78122625807421	1.0	NonTarget	1	25288
99.03122619798708	1.0	NonTarget	1	25352
99.28122613789996	1.0	Target	2	25416
99.53122607781283	1.0	NonTarget	1	25480
99.7812260177257	1.0	NonTarget	1	25544
100.03122595763858	1.0	NonTarget	1	25608
100.28122589755145	1.0	NonTarget	1	25672
100.53122583746433	1.0	Target	2	25736
100.7812257773772	1.0	NonTarget	1	25800
101.03122571729007	1.0	NonTarget	1	25864
101.28122565720295	1.0	NonTarget	1	25928
106.5312243953733	1.0	Target	2	27272
106.78122433528617	1.0	NonTarget	1	27336
107.03122427519904	1.0	NonTarget	1	27400
107.28122421511192	1.0	NonTarget	1	27464
107.53122415502479	1.0	NonTarget	1	27528
107.78122409493767	1.0	NonTarget	1	27592
108.03122403485054	1.0	NonTarget	1	27656
108.2812239747634	1.0	NonTarget	1	27720
108.53122391467629	1.0	NonTarget	1	27784
108.78122385458916	1.0	NonTarget	1	27848
109.03122379450204	1.0	NonTarget	1	27912
109.28122373441491	1.0	Target	2	27976
109.53122367432778	1.0	NonTarget	1	28040
109.78122361424066	1.0	NonTarget	1	28104
110.03122355415353	1.0	NonTarget	1	28168
110.2812234940664	1.0	NonTarget	1	28232
110.53122343397928	1.0	NonTarget	1	28296
110.78122337389215	1.0	NonTarget	1	28360
111.03122331380503	1.0	NonTarget	1	28424
111.2812232537179	1.0	NonTarget	1	28488
111.53122319363077	1.0	NonTarget	1	28552
111.78122313354365	1.0	NonTarget	1	28616
112.03122307345652	1.0	Target	2	28680
112.28122301336938	1.0	NonTarget	1	28744
112.53122295328227	1.0	NonTarget	1	28808
112.78122289319514	1.0	NonTarget	1	28872
113.03122283310802	1.0	NonTarget	1	28936
113.28122277302089	1.0	NonTarget	1	29000
113.53122271293375	1.0	NonTarget	1	29064
113.78122265284664	1.0	Target	2	29128
114.0312225927595	1.0	NonTarget	1	29192
114.28122253267237	1.0	NonTarget	1	29256
114.53122247258526	1.0	NonTarget	1	29320
114.78122241249812	1.0	NonTarget	1	29384
115.031222352411	1.0	NonTarget	1	29448
115.28122229232387	1.0	NonTarget	1	29512
115.53122223223674	1.0	NonTarget	1	29576
115.78122217214963	1.0	NonTarget	1	29640
116.0312221120625	1.0	NonTarget	1	29704
116.28122205197538	1.0	Target	2	29768
116.53122199188824	1.0	NonTarget	1	29832
116.78122193180111	1.0	NonTarget	1	29896
117.031221871714	1.0	NonTarget	1	29960
117.28122181162686	1.0	NonTarget	1	30024
117.53122175153973	1.0	NonTarget	1	30088
117.78122169145261	1.0	NonTarget	1	30152
118.03122163136548	1.0	NonTarget	1	30216
118.28122157127837	1.0	NonTarget	1	30280
118.53122151119123	1.0	NonTarget	1	30344
118.7812214511041	1.0	Target	2	30408
119.03122139101698	1.0	NonTarget	1	30472
119.28122133092985	1.0	NonTarget	1	30536
119.53122127084272	1.0	NonTarget	1	30600
119.7812212107556	1.0	NonTarget	1	30664
120.03122115066847	1.0	NonTarget	1	30728
120.28122109058135	1.0	NonTarget	1	30792
120.53122103049422	1.0	Target	2	30856
120.78122097040709	1.0	NonTarget	1	30920
121.03122091031997	1.0	NonTarget	1	30984
121.28122085023284	1.0	NonTarget	1	31048
121.53122079014572	1.0	NonTarget	1	31112
121.78122073005859	1.0	NonTarget	1	31176
122.03122066997146	1.0	NonTarget	1	31240
122.28122060988434	1.0	NonTarget	1	31304
122.53122054979721	1.0	NonTarget	1	31368
122.78122048971008	1.0	NonTarget	1	31432
123.03122042962296	1.0	NonTarget	1	31496
123.28122036953583	1.0	Target	2	31560
123.53122030944871	1.0	NonTarget	1	31624
123.78122024936158	1.0	NonTarget	1	31688
124.03122018927445	1.0	NonTarget	1	31752
124.28122012918733	1.0	NonTarget	1	31816
124.5312200691002	1.0	NonTarget	1	31880
124.78122000901307	1.0	NonTarget	1	31944
125.03121994892595	1.0	NonTarget	1	32008
125.28121988883882	1.0	NonTarget	1	32072
125.5312198287517	1.0	Target	2	32136
125.78121976866457	1.0	NonTarget	1	32200
126.03121970857744	1.0	NonTarget	1	32264
126.28121964849032	1.0	NonTarget	1	32328
126.53121958840319	1.0	NonTarget	1	32392
126.78121952831606	1.0	NonTarget	1	32456
127.03121946822894	1.0	NonTarget	1	32520
127.28121940814181	1.0	Target	2	32584
127.53121934805469	1.0	NonTarget	1	32648
127.78121928796756	1.0	NonTarget	1	32712
128.03121922788043	1.0	NonTarget	1	32776
128.2812191677933	1.0	NonTarget	1	32840
128.5312191077062	1.0	NonTarget	1	32904
128.78121904761906	1.0	NonTarget	1	32968
129.03121898753193	1.0	NonTarget	1	33032
129.2812189274448	1.0	NonTarget	1	33096
129.53121886735767	1.0	NonTarget	1	33160
129.78121880727056	1.0	NonTarget	1	33224
130.03121874718343	1.0	Target	2	33288
130.2812186870963	1.0	NonTarget	1	33352
130.53121862700917	1.0	NonTarget	1	33416
130.78121856692204	1.0	NonTarget	1	33480
131.0312185068349	1.0	NonTarget	1	33544
131.2812184467478	1.0	NonTarget	1	33608
131.53121838666067	1.0	NonTarget	1	33672
131.78121832657354	1.0	NonTarget	1	33736
132.0312182664864	1.0	Target	2	33800
132.28121820639927	1.0	NonTarget	1	33864
132.53121814631217	1.0	NonTarget	1	33928
132.78121808622504	1.0	NonTarget	1	33992
133.0312180261379	1.0	NonTarget	1	34056
133.28121796605078	1.0	NonTarget	1	34120
133.53121790596364	1.0	NonTarget	1	34184
133.78121784587654	1.0	NonTarget	1	34248
134.0312177857894	1.0	NonTarget	1	34312
134.28121772570228	1.0	NonTarget	1	34376
134.53121766561515	1.0	Target	2	34440
134.781217605528	1.0	NonTarget	1	34504
135.03121754544088	1.0	NonTarget	1	34568
135.28121748535378	1.0	NonTarget	1	34632
135.53121742526665	1.0	NonTarget	1	34696
135.78121736517951	1.0	NonTarget	1	34760
136.03121730509238	1.0	NonTarget	1	34824
136.28121724500525	1.0	NonTarget	1	34888
136.53121718491815	1.0	Target	2	34952
136.78121712483102	1.0	NonTarget	1	35016
137.03121706474388	1.0	NonTarget	1	35080
137.28121700465675	1.0	NonTarget	1	35144
137.53121694456962	1.0	NonTarget	1	35208
137.78121688448252	1.0	NonTarget	1	35272
138.0312168243954	1.0	NonTarget	1	35336
138.28121676430825	1.0	NonTarget	1	35400
138.53121670422112	1.0	NonTarget	1	35464
138.781216644134	1.0	Target	2	35528
139.0312165840469	1.0	NonTarget	1	35592
139.28121652395976	1.0	NonTarget	1	35656
139.53121646387262	1.0	NonTarget	1	35720
139.7812164037855	1.0	NonTarget	1	35784
140.03121634369836	1.0	NonTarget	1	35848
140.28121628361123	1.0	NonTarget	1	35912
140.53121622352413	1.0	NonTarget	1	35976
140.781216163437	1.0	Target	2	36040
141.03121610334986	1.0	NonTarget	1	36104
141.28121604326273	1.0	NonTarget	1	36168
141.5312159831756	1.0	NonTarget	1	36232
141.7812159230885	1.0	NonTarget	1	36296
142.03121586300136	1.0	NonTarget	1	36360
142.28121580291423	1.0	NonTarget	1	36424
142.5312157428271	1.0	NonTarget	1	36488
142.78121568273997	1.0	NonTarget	1	36552
143.03121562265287	1.0	NonTarget	1	36616
143.28121556256573	1.0	Target	2	36680
143.5312155024786	1.0	NonTarget	1	36744
143.78121544239147	1.0	NonTarget	1	36808
144.03121538230434	1.0	NonTarget	1	36872
144.28121532221724	1.0	NonTarget	1	36936
144.5312152621301	1.0	NonTarget	1	37000
144.78121520204297	1.0	NonTarget	1	37064
145.03121514195584	1.0	Target	2	37128
145.2812150818687	1.0	NonTarget	1	37192
145.53121502178158	1.0	NonTarget	1	37256
145.78121496169447	1.0	NonTarget	1	37320
146.03121490160734	1.0	NonTarget	1	37384
146.2812148415202	1.0	NonTarget	1	37448
146.53121478143308	1.0	NonTarget	1	37512
146.78121472134595	1.0	NonTarget	1	37576
147.03121466125884	1.0	Target	2	37640
147.2812146011717	1.0	NonTarget	1	37704
147.53121454108458	1.0	NonTarget	1	37768
147.78121448099745	1.0	NonTarget	1	37832
148.03121442091032	1.0	NonTarget	1	37896
148.2812143608232	1.0	NonTarget	1	37960
148.53121430073608	1.0	NonTarget	1	38024
148.78121424064895	1.0	NonTarget	1	38088
149.03121418056182	1.0	NonTarget	1	38152
149.2812141204747	1.0	NonTarget	1	38216
149.53121406038758	1.0	Target	2	38280
149.78121400030045	1.0	NonTarget	1	38344
150.03121394021332	1.0	NonTarget	1	38408
150.2812138801262	1.0	NonTarget	1	38472
150.53121382003906	1.0	NonTarget	1	38536
150.78121375995192	1.0	NonTarget	1	38600
151.03121369986482	1.0	NonTarget	1	38664
151.2812136397777	1.0	NonTarget	1	38728
156.53121237794804	1.0	NonTarget	1	40072
156.7812123178609	1.0	NonTarget	1	40136
157.03121225777377	1.0	NonTarget	1	40200
157.28121219768664	1.0	NonTarget	1	40264
157.53121213759954	1.0	NonTarget	1	40328
157.7812120775124	1.0	NonTarget	1	40392
158.03121201742528	1.0	Target	2	40456
158.28121195733814	1.0	NonTarget	1	40520
158.531211897251	1.0	NonTarget	1	40584
158.7812118371639	1.0	NonTarget	1	40648
159.03121177707678	1.0	NonTarget	1	40712
159.28121171698965	1.0	NonTarget	1	40776
159.5312116569025	1.0	NonTarget	1	40840
159.78121159681538	1.0	NonTarget	1	40904
160.03121153672825	1.0	NonTarget	1	40968
160.28121147664115	1.0	NonTarget	1	41032
160.53121141655402	1.0	Target	2	41096
160.78121135646688	1.0	NonTarget	1	41160
161.03121129637975	1.0	NonTarget	1	41224
161.28121123629262	1.0	NonTarget	1	41288
161.53121117620552	1.0	NonTarget	1	41352
161.78121111611839	1.0	NonTarget	1	41416
162.03121105603125	1.0	NonTarget	1	41480
162.28121099594412	1.0	NonTarget	1	41544
162.531210935857	1.0	Target	2	41608
162.7812108757699	1.0	NonTarget	1	41672
163.03121081568275	1.0	NonTarget	1	41736
163.28121075559562	1.0	NonTarget	1	41800
163.5312106955085	1.0	NonTarget	1	41864
163.78121063542136	1.0	NonTarget	1	41928
164.03121057533426	1.0	NonTarget	1	41992
164.28121051524712	1.0	NonTarget	1	42056
164.53121045516	1.0	NonTarget	1	42120
164.78121039507286	1.0	NonTarget	1	42184
165.03121033498573	1.0	NonTarget	1	42248
165.2812102748986	1.0	Target	2	42312
165.5312102148115	1.0	NonTarget	1	42376
165.78121015472436	1.0	NonTarget	1	42440
166.03121009463723	1.0	NonTarget	1	42504
166.2812100345501	1.0	NonTarget	1	42568
166.53120997446297	1.0	NonTarget	1	42632
166.78120991437586	1.0	Target	2	42696
167.03120985428873	1.0	NonTarget	1	42760
167.2812097942016	1.0	NonTarget	1	42824
167.53120973411447	1.0	NonTarget	1	42888
167.78120967402734	1.0	NonTarget	1	42952
168.03120961394023	1.0	NonTarget	1	43016
168.2812095538531	1.0	NonTarget	1	43080
168.53120949376597	1.0	NonTarget	1	43144
168.78120943367884	1.0	NonTarget	1	43208
169.0312093735917	1.0	Target	2	43272
169.28120931350458	1.0	NonTarget	1	43336
169.53120925341747	1.0	NonTarget	1	43400
169.78120919333034	1.0	NonTarget	1	43464
170.0312091332432	1.0	NonTarget	1	43528
170.28120907315608	1.0	NonTarget	1	43592
170.53120901306895	1.0	NonTarget	1	43656
170.78120895298184	1.0	NonTarget	1	43720
171.0312088928947	1.0	NonTarget	1	43784
171.28120883280758	1.0	NonTarget	1	43848
171.53120877272045	1.0	NonTarget	1	43912
171.78120871263332	1.0	NonTarget	1	43976
172.0312086525462	1.0	NonTarget	1	44040
172.28120859245908	1.0	Target	2	44104
172.53120853237195	1.0	NonTarget	1	44168
172.78120847228482	1.0	NonTarget	1	44232
173.03120841219769	1.0	NonTarget	1	44296
173.28120835211058	1.0	NonTarget	1	44360
173.53120829202345	1.0	NonTarget	1	44424
173.78120823193632	1.0	NonTarget	1	44488
174.0312081718492	1.0	NonTarget	1	44552
174.28120811176206	1.0	Target	2	44616
174.53120805167492	1.0	NonTarget	1	44680
174.78120799158782	1.0	NonTarget	1	44744
175.0312079315007	1.0	NonTarget	1	44808
175.28120787141356	1.0	NonTarget	1	44872
175.53120781132642	1.0	NonTarget	1	44936
175.7812077512393	1.0	NonTarget	1	45000
176.0312076911522	1.0	Target	2	45064
176.28120763106506	1.0	NonTarget	1	45128
176.53120757097793	1.0	NonTarget	1	45192
176.7812075108908	1.0	NonTarget	1	45256
177.03120745080366	1.0	NonTarget	1	45320
177.28120739071656	1.0	NonTarget	1	45384
177.53120733062943	1.0	NonTarget	1	45448
177.7812072705423	1.0	NonTarget	1	45512
178.03120721045516	1.0	Target	2	45576
178.28120715036803	1.0	NonTarget	1	45640
178.53120709028093	1.0	NonTarget	1	45704
178.7812070301938	1.0	NonTarget	1	45768
179.03120697010667	1.0	NonTarget	1	45832
179.28120691001953	1.0	NonTarget	1	45896
179.5312068499324	1.0	NonTarget	1	45960
179.78120678984527	1.0	NonTarget	1	46024
180.03120672975817	1.0	NonTarget	1	46088
180.28120666967104	1.0	NonTarget	1	46152
180.5312066095839	1.0	NonTarget	1	46216
180.78120654949677	1.0	NonTarget	1	46280
181.03120648940964	1.0	NonTarget	1	46344
181.28120642932254	1.0	Target	2	46408
181.5312063692354	1.0	NonTarget	1	46472
181.78120630914827	1.0	NonTarget	1	46536
182.03120624906114	1.0	NonTarget	1	46600
182.281206188974	1.0	NonTarget	1	46664
182.5312061288869	1.0	Target	2	46728
182.78120606879978	1.0	NonTarget	1	46792
183.03120600871264	1.0	NonTarget	1	46856
183.2812059486255	1.0	NonTarget	1	46920
183.53120588853838	1.0	NonTarget	1	46984
183.78120582845128	1.0	NonTarget	1	47048
184.03120576836415	1.0	NonTarget	1	47112
184.281205708277	1.0	NonTarget	1	47176
184.53120564818988	1.0	NonTarget	1	47240
184.78120558810275	1.0	NonTarget	1	47304
185.03120552801562	1.0	NonTarget	1	47368
185.28120546792852	1.0	Target	2	47432
185.53120540784138	1.0	NonTarget	1	47496
185.78120534775425	1.0	NonTarget	1	47560
186.03120528766712	1.0	NonTarget	1	47624
186.28120522758	1.0	NonTarget	1	47688
186.53120516749289	1.0	NonTarget	1	47752
186.78120510740575	1.0	NonTarget	1	47816
187.03120504731862	1.0	NonTarget	1	47880
187.2812049872315	1.0	Target	2	47944
187.53120492714436	1.0	NonTarget	1	48008
187.78120486705726	1.0	NonTarget	1	48072
188.03120480697012	1.0	NonTarget	1	48136
188.281204746883	1.0	NonTarget	1	48200
188.53120468679586	1.0	NonTarget	1	48264
188.78120462670873	1.0	NonTarget	1	48328
189.0312045666216	1.0	NonTarget	1	48392
189.2812045065345	1.0	Target	2	48456
189.53120444644736	1.0	NonTarget	1	48520
189.78120438636023	1.0	NonTarget	1	48584
190.0312043262731	1.0	NonTarget	1	48648
190.28120426618597	1.0	NonTarget	1	48712
190.53120420609886	1.0	NonTarget	1	48776
190.78120414601173	1.0	NonTarget	1	48840
191.0312040859246	1.0	NonTarget	1	48904
191.28120402583747	1.0	NonTarget	1	48968
191.53120396575034	1.0	NonTarget	1	49032
191.78120390566323	1.0	Target	2	49096
192.0312038455761	1.0	NonTarget	1	49160
192.28120378548897	1.0	NonTarget	1	49224
192.53120372540184	1.0	NonTarget	1	49288
192.7812036653147	1.0	NonTarget	1	49352
193.0312036052276	1.0	NonTarget	1	49416
193.28120354514047	1.0	NonTarget	1	49480
193.53120348505334	1.0	NonTarget	1	49544
193.7812034249662	1.0	NonTarget	1	49608
194.03120336487908	1.0	NonTarget	1	49672
194.28120330479194	1.0	Target	2	49736
194.53120324470484	1.0	NonTarget	1	49800
194.7812031846177	1.0	NonTarget	1	49864
195.03120312453058	1.0	NonTarget	1	49928
195.28120306444345	1.0	NonTarget	1	49992
195.5312030043563	1.0	NonTarget	1	50056
195.7812029442692	1.0	NonTarget	1	50120
196.03120288418208	1.0	NonTarget	1	50184
196.28120282409495	1.0	Target	2	50248
196.53120276400782	1.0	NonTarget	1	50312
196.78120270392068	1.0	NonTarget	1	50376
197.03120264383358	1.0	NonTarget	1	50440
197.28120258374645	1.0	NonTarget	1	50504
197.53120252365932	1.0	NonTarget	1	50568
197.78120246357219	1.0	NonTarget	1	50632
198.03120240348505	1.0	NonTarget	1	50696
198.28120234339795	1.0	NonTarget	1	50760
198.53120228331082	1.0	NonTarget	1	50824
198.7812022232237	1.0	NonTarget	1	50888
199.03120216313656	1.0	NonTarget	1	50952
199.28120210304942	1.0	Target	2	51016
199.5312020429623	1.0	NonTarget	1	51080
199.7812019828752	1.0	NonTarget	1	51144
200.03120192278806	1.0	NonTarget	1	51208
200.28120186270093	1.0	NonTarget	1	51272
200.5312018026138	1.0	NonTarget	1	51336
200.78120174252666	1.0	NonTarget	1	51400
201.03120168243956	1.0	Target	2	51464
201.28120162235243	1.0	NonTarget	1	51528
